voitureMarque,voitureModele,imgGlobalName,plateNumber
FIAT,500X,14590707.jpg,FG253SW
Renault,Scenic,14590601.jpg,AB201WW
Renault,Scenic,14590518.jpg,AB201WW
Peugeot,308,14590394.jpg,CT750EY
Peugeot,308,14590229.jpg,CT750EY
BMW,4,14590132.jpg,DB620VM
Tesla,Model,14590018.jpg,FK032AY
Alfa,Romeo,14589913.jpg,EK609RG
Renault,Master,14589806.jpg,ES267CB
Opel,Corsa,14589775.jpg,389BDE35
Volkswagen,Eos,14589759.jpg,983AYC35
Opel,Vectra,14589749.jpg,7578ZY35
Volkswagen,Passat,14589738.jpg,534ACR35
Volkswagen,Polo,14589732.jpg,252AEZ35
Volkswagen,Polo,14589711.jpg,275AMW35
Renault,Scenic,14589678.jpg,163ABY35
Renault,Espace,14589670.jpg,166BFM35
Citroёn,Xsara,14589657.jpg,669AAZ35
Renault,Espace,14589634.jpg,147AFB35
Volkswagen,Touran,14589620.jpg,769APP35
Renault,Espace,14589521.jpg,BH392DN
Alfa,Romeo,14589491.jpg,EY455TQ
MINI,Hatch,14589480.jpg,FE031BR
Citroёn,C4,14589382.jpg,BE516FH
Citroёn,C4,14589315.jpg,BE516FH
Opel,Ascona,14589180.jpg,1711VD51
Citroёn,C8,14589135.jpg,EZ609DL
Suzuki,SX4,14588972.jpg,BX852JD
Rolls-Royce,Corniche,14588941.jpg,DH465WY
Volkswagen,Sharan,14588744.jpg,69YY35
Volkswagen,Touran,14588737.jpg,749AJJ35
Renault,Espace,14588728.jpg,4072ZC35
Renault,Espace,14588721.jpg,756ASE35
Volkswagen,Touran,14588715.jpg,526ATW35
Citroёn,Xsara,14588712.jpg,589AQC35
Citroёn,BX,14588704.jpg,3017WE35
Renault,18,14588697.jpg,9084VJ35
Citroёn,ZX,14588685.jpg,3532XS35
Renault,4,14588675.jpg,633BFL35
,,14588223.jpg,746BA50
DS,7,14588032.jpg,FH121ET
Volkswagen,T-Roc,14587988.jpg,EV113GX
Renault,Kadjar,14587971.jpg,FB925AP
Challenger,Genesis,14587945.jpg,DR468MB
BMW,1,14587808.jpg,559AZL971
BMW,1,14587806.jpg,559AZL971
Suzuki,Swift,14587094.jpg,CY056PA
Irisbus,Magelys,14586738.jpg,AL361AL
Renault,Express,14585597.jpg,AT322AK
Renault,4,14585588.jpg,873TK72
Peugeot,208,14585487.jpg,CP543PS
,,14584950.jpg,600RKM75
Chrysler,PT,14584904.jpg,BR183QC
Suzuki,SX4,14584697.jpg,BX852JD
Santana,PS10,14584671.jpg,CC076AB
Peugeot,Expert,14584621.jpg,BE713CV
BMW,X6,14584602.jpg,CJ410LZ
Peugeot,407,14584567.jpg,FB066NW
Peugeot,307,14584562.jpg,31APA67
Peugeot,106,14584553.jpg,FE162QR
Renault,Clio,14584470.jpg,494ATW35
Renault,Megane,14584457.jpg,2109ZJ35
Renault,Megane,14584448.jpg,132BEZ35
Renault,Modus,14584443.jpg,817APP35
Renault,Clio,14584440.jpg,772ABF35
Renault,Clio,14584435.jpg,416AHE35
Renault,Vel,14584419.jpg,3746TF53
Renault,Modus,14584413.jpg,8462SY53
Renault,Modus,14584405.jpg,311ARD35
Renault,Modus,14584397.jpg,651BEC35
BMW,X6,14584235.jpg,EN940KS
Peugeot,208,14584184.jpg,EV698FV
Peugeot,406,14584103.jpg,AR507BJ
Citroёn,C4,14584099.jpg,CC978BA
Peugeot,406,14583968.jpg,CY870BE
Opel,Meriva,14583964.jpg,4294XN26
Maserati,GranTurismo,14583460.jpg,W071DQ
FIAT,500,14583343.jpg,DQ387RG
MINI,Classic,14582985.jpg,CX347BY
Renault,Koleos,14582795.jpg,BT966YZ
Toyota,Land,14582712.jpg,AT256YX
Citroёn,C5,14582638.jpg,BC172FF
Volkswagen,Polo,14582210.jpg,EJ802TH
License,plate,14582112.jpg,211BCC67
Volkswagen,Passat,14581923.jpg,FG729HK
Peugeot,308,14581921.jpg,EA174WC
BMW,5,14581888.jpg,FG270GW
BMW,3,14581742.jpg,AM010QT
Renault,Vel,14581500.jpg,AP516ME
Peugeot,206,14580692.jpg,AE746PB
Citroёn,C4,14580684.jpg,BK776EK
Renault,Espace,14580526.jpg,BR735KM
Renault,Megane,14580512.jpg,CZ351SW
Renault,Espace,14580494.jpg,FA500MN
Renault,Espace,14580490.jpg,FA500MN
Renault,Twingo,14580483.jpg,DL493TK
Renault,Twingo,14580477.jpg,DL493TK
Dacia,Sandero,14580474.jpg,DR194XY
Dacia,Duster,14580467.jpg,EY584GE
Ferrari,Portofino,14580427.jpg,EZ020AC
Jaguar,E-Type,14580410.jpg,FK556QB
Jaguar,E-Type,14580404.jpg,FK556QB
Mercedes-Benz,S-Klasse,14580380.jpg,CD620VA
MINI,Classic,14580357.jpg,DF680MM
MINI,Classic,14580350.jpg,DF680MM
Citroёn,CX,14580334.jpg,DX140JS
Citroёn,DS,14580320.jpg,EG813LW
Aston,Martin,14580304.jpg,307BDK75
Bentley,Mulsanne,14580269.jpg,FH140GP
Peugeot,106,14580084.jpg,CK431MW
Peugeot,207,14580036.jpg,EG579NQ
Citroёn,Ami,14580012.jpg,CK001PD
Renault,Kadjar,14579993.jpg,DX808RF
Cadillac,Sixty,14579953.jpg,22LE06
Citroёn,Nemo,14579944.jpg,CA832MQ
Citroёn,Nemo,14579943.jpg,CA832MQ
Chrysler,300C,14579893.jpg,AQ249JJ
Alfa,Romeo,14579112.jpg,DR946WR
Renault,Master,14579072.jpg,3625ND70
BMW,3,14578552.jpg,BR162EW
Peugeot,208,14578524.jpg,EV555ZX
Peugeot,5008,14578437.jpg,EJ970GD
,,14577726.jpg,DA332GL
Renault,Fuego,14577701.jpg,8834LN93
Renault,Fuego,14577696.jpg,8834LN93
Peugeot,304,14577682.jpg,CG164CB
Opel,Kadett,14577674.jpg,984RHK75
Opel,Kadett,14577668.jpg,984RHK75
Peugeot,J7,14577660.jpg,851AMH93
Peugeot,J7,14577654.jpg,851AMH93
Citroёn,C15,14577642.jpg,966EKQ95
Citroёn,C15,14577638.jpg,966EKQ95
Mercedes-Benz,Sprinter,14577628.jpg,216QQQ75
Mercedes-Benz,Sprinter,14577621.jpg,216QQQ75
Volvo,S80,14577619.jpg,BD531GY
Toyota,Hilux,14577613.jpg,AF940QJ
Toyota,Hilux,14577611.jpg,AF940QJ
Volkswagen,LT,14577605.jpg,947NVX75
Volkswagen,LT,14577597.jpg,947NVX75
Volkswagen,LT,14577585.jpg,BM094DK
Volkswagen,LT,14577579.jpg,BM094DK
Renault,Clio,14577566.jpg,ED586JE
Peugeot,J9,14577558.jpg,876LXW75
Chevrolet,Traverse,14577467.jpg,WW821EQ
Lada,(VAZ),14577455.jpg,7049QR86
Pontiac,Trans,14577269.jpg,9474WG42
Jeep,Cherokee,14576932.jpg,DD656MP
,,14576649.jpg,DG175VP
,,14576631.jpg,EE137RY
Opel,Corsa,14576555.jpg,EB524QV
Lada,(VAZ),14576526.jpg,107CGT31
Ford,Cougar,14576315.jpg,AJ780EV
Bugatti,Veyron,14576289.jpg,BD928QB
Citroёn,C4,14576145.jpg,BK803XA
Tesla,Model,14575923.jpg,EE936CM
Tesla,Model,14575772.jpg,FM056HT
Tesla,Model,14575693.jpg,FH055EF
Tesla,Model,14575679.jpg,FH454FJ
Chevrolet,Corvette,14575633.jpg,EN435LE
GMC,Savana,14575550.jpg,CB714ED
Jeep,Grand,14575452.jpg,WW239LY
Lancia,Beta,14575347.jpg,DP958AN
Dodge,Caliber,14575335.jpg,AC768YR
BMW,3,14575257.jpg,FF822WS
Jeep,Cherokee,14575220.jpg,8112SR59
Jeep,Cherokee,14575214.jpg,8112SR59
Chrysler,Crossfire,14575102.jpg,1337XP62
Lancia,Beta,14575005.jpg,DP958AN
Tesla,Model,14574981.jpg,DS098GL
Ford,Taunus,14574846.jpg,FC889FG
Lamborghini,Gallardo,14574599.jpg,BT701ZJ
Lamborghini,Gallardo,14574565.jpg,BT701ZJ
Chevrolet,Pickup,14574454.jpg,CT262DW
Chevrolet,Malibu,14574410.jpg,BB570FX
Chevrolet,Caprice,14574372.jpg,518KPL75
Cadillac,DeVille,14574329.jpg,CF295TB
Plymouth,Road,14574301.jpg,CN516RT
Chevrolet,Corvette,14574154.jpg,FD753JN
HUMMER,H2,14574084.jpg,AW572LT
Chevrolet,Impala,14574070.jpg,9984WA92
Ford,Focus,14574061.jpg,FG936LP
Ford,Mustang,14574046.jpg,EW950DC
Ford,Mustang,14574037.jpg,EW950DC
Chevrolet,Camaro,14574036.jpg,AG184NV
Chevrolet,Camaro,14574031.jpg,AG184NV
Cadillac,DeVille,14574015.jpg,3289WF80
Chrysler,Fifth,14573985.jpg,9897VP62
Ford,Galaxie,14573944.jpg,AS343RT
Renault,Clio,14573928.jpg,ED538QB
Ford,Mustang,14573922.jpg,EH965GR
Renault,Clio,14573919.jpg,ED538QB
Chrysler,Stratus,14573895.jpg,DN984CG
Cadillac,Eldorado,14573866.jpg,WW250QK
Peugeot,607,14573848.jpg,5134ZW14
Citroёn,ZX,14573785.jpg,5061WA14
Pontiac,Firebird,14573463.jpg,640EJQ92
Ford,Mustang,14573400.jpg,WW258HS
Ford,Mustang,14573373.jpg,ES754LY
Mercedes-Benz,A-Klasse,14573165.jpg,FB147TS
Mercedes-Benz,C-Klasse,14573149.jpg,FB718XF
Mercedes-Benz,CLK-Klasse,14573136.jpg,CJ617YG
Mercedes-Benz,E-Klasse,14573129.jpg,ED020KM
Skoda,Favorit,14572317.jpg,198BCE57
Chrysler,Stratus,14572259.jpg,W273CM
Citroёn,Mehari,14572156.jpg,375ADW93
Alfa,Romeo,14571855.jpg,839CBX78
License,plate,14571792.jpg,1872VC06
Mercedes-Benz,A-Klasse,14570854.jpg,419YV62
Mercedes-Benz,A-Klasse,14570803.jpg,1546ZL59
Mercedes-Benz,Vito,14570776.jpg,8308RH62
Mercedes-Benz,E-Klasse,14570754.jpg,9409YG62
Mercedes-Benz,B-Klasse,14570737.jpg,9502WT62
License,plate,14570359.jpg,687DGP77
Mercedes-Benz,E-Klasse,14569981.jpg,BF235JV
Mercedes-Benz,M-Klasse,14569922.jpg,CV103TR
Mercedes-Benz,C-Klasse,14569604.jpg,FP788BV
Mazda,121,14569480.jpg,DP104LM
Mercedes-Benz,M-Klasse,14569248.jpg,EH643WP
Mercedes-Benz,E-Klasse,14569217.jpg,DY826PJ
Mercedes-Benz,SL-Klasse,14569196.jpg,DV914KN
Mercedes-Benz,E-Klasse,14569147.jpg,EA815DF
Mercedes-Benz,CLK-Klasse,14569132.jpg,FM531CS
Mercedes-Benz,CLA-Klasse,14568954.jpg,DS441ZT
Mercedes-Benz,CLA-Klasse,14568947.jpg,DS441ZT
Mercedes-Benz,SL-Klasse,14568812.jpg,FD233KT
Jeep,Cherokee,14568558.jpg,282AKZ973
Porsche,911,14568370.jpg,CR297YM
Porsche,911,14568293.jpg,CR297YM
Mercedes-Benz,E-Klasse,14568282.jpg,EZ328QG
Mercedes-Benz,C-Klasse,14568227.jpg,FL991DD
Mercedes-Benz,C-Klasse,14568197.jpg,EG841DF
Mercedes-Benz,AMG,14568184.jpg,FJ505AN
Mercedes-Benz,AMG,14568165.jpg,FJ505AN
Mercedes-Benz,C-Klasse,14568150.jpg,WW029DG
Mercedes-Benz,C-Klasse,14568142.jpg,WW029DG
Mercedes-Benz,C-Klasse,14567983.jpg,677AQS67
Mercedes-Benz,E-Klasse,14567945.jpg,9886QW68
Mercedes-Benz,Citan,14567387.jpg,CN855HK
BMW,3,14567188.jpg,BR162EW
Mercedes-Benz,SLK-Klasse,14567181.jpg,668BZQ59
Mercedes-Benz,SLK-Klasse,14567175.jpg,734BSF59
Mercedes-Benz,SL-Klasse,14567170.jpg,EL466FP
Mercedes-Benz,C-Klasse,14567146.jpg,EZ882SH
Mercedes-Benz,C-Klasse,14567063.jpg,5190YX59
Mercedes-Benz,E-Klasse,14567057.jpg,31BMZ59
Mercedes-Benz,Actros,14566992.jpg,CP341RH
Mercedes-Benz,Actros,14566977.jpg,EG459NG
Mercedes-Benz,Axor,14566779.jpg,CL826WJ
Mercedes-Benz,Axor,14566769.jpg,753AHY42
Mercedes-Benz,C-Klasse,14566721.jpg,EC282EZ
Mercedes-Benz,T2,14565922.jpg,AQ940FM
Mercedes-Benz,C-Klasse,14565912.jpg,FD491HH
Mercedes-Benz,E-Klasse,14565896.jpg,BQ611SW
Mercedes-Benz,C-Klasse,14565882.jpg,AJ933EQ
Mercedes-Benz,E-Klasse,14565871.jpg,EF727RA
Mercedes-Benz,T2,14565842.jpg,CE877BH
Mercedes-Benz,E-Klasse,14565835.jpg,272ADJ67
Mercedes-Benz,GLC-Klasse,14565809.jpg,FJ999PF
Mercedes-Benz,MB-series,14565749.jpg,3616YP68
Mercedes-Benz,E-Klasse,14565624.jpg,BA931NV
Mercedes-Benz,Sprinter,14565445.jpg,DX738CV
Mercedes-Benz,A-Klasse,14565381.jpg,CW545TT
Citroёn,C5,14565371.jpg,BH591JD
Ford,Focus,14565187.jpg,FG198QW
SEAT,Exeo,14565159.jpg,BN262BS
DAF,XF,14565145.jpg,ET916VD
Citroёn,C15,14564993.jpg,CZ462JT
Renault,T-series,14564641.jpg,EH582PJ
License,plate,14564619.jpg,2770RS19
Renault,Kerax,14564603.jpg,DE775JS
Opel,Agila,14564520.jpg,CN782HP
Renault,C-series,14564371.jpg,FD023EC
Renault,16,14564043.jpg,3891WP75
Renault,16,14564037.jpg,3891WP75
Chevrolet,Camaro,14564009.jpg,WW422EJ
Chevrolet,Camaro,14564001.jpg,WW422EJ
Ferrari,400i,14563972.jpg,7154SL71
Aston,Martin,14563964.jpg,EH905HS
Maserati,Ghibli,14563956.jpg,213PPD75
Jaguar,E-Type,14563951.jpg,CA047HW
Jaguar,E-Type,14563945.jpg,CA047HW
Bentley,S1/S2/S3,14563934.jpg,DJ652GB
Porsche,928,14563883.jpg,W997HV
Cadillac,Fleetwood,14563872.jpg,6275JF69
Cadillac,Fleetwood,14563863.jpg,6275JF69
FIAT,850,14563850.jpg,FF389HG
FIAT,850,14563834.jpg,FF389HG
Alfa,Romeo,14563820.jpg,9044KM32
Alfa,Romeo,14563813.jpg,9044KM32
FIAT,500,14563801.jpg,EY759JV
FIAT,500,14563796.jpg,EY759JV
Porsche,911,14563401.jpg,BK380ER
Peugeot,504,14563397.jpg,711RNV75
Jaguar,XJS,14563394.jpg,EC230DM
Jaguar,XJS,14563390.jpg,EC230DM
Jaguar,XJS,14563384.jpg,DL858FH
Jaguar,XJS,14563382.jpg,DL858FH
Porsche,911,14563379.jpg,EE662BD
Bentley,Continental,14563371.jpg,CK005MX
Bentley,Continental,14563364.jpg,CK005MX
Porsche,911,14563337.jpg,CV706NL
Porsche,911,14563327.jpg,CV706NL
Volkswagen,Beetle,14563321.jpg,3372BL33
Volvo,140-series,14563318.jpg,DJ526XP
Porsche,911,14563305.jpg,CJ069NH
Volkswagen,Beetle,14563295.jpg,3372BL33
Porsche,911,14563292.jpg,ER292WH
Ferrari,456,14563286.jpg,AA839PQ
Volkswagen,Transporter,14563285.jpg,AS195LK
Aston,Martin,14563279.jpg,BP821BA
Dacia,Duster,14563272.jpg,FF374RY(10/19)
Porsche,911,14563267.jpg,WW195RR
Mercedes-Benz,Vario,14563259.jpg,CW565RX
Mercedes-Benz,SL-Klasse,14563248.jpg,EX972NE
Mercedes-Benz,SL-Klasse,14563241.jpg,EX972NE
Alfa,Romeo,14563229.jpg,EA089XJ
Alfa,Romeo,14563221.jpg,EA089XJ
Peugeot,508,14563216.jpg,EA882NK
Porsche,911,14563206.jpg,DW370WX
Porsche,911,14563200.jpg,DW370WX
Porsche,912,14563189.jpg,BJ928AN
Dacia,Duster,14563080.jpg,BL188AY
Citroёn,Xsara,14563047.jpg,FH921YQ
Alfa,Romeo,14562860.jpg,AA235HR
Porsche,911,14562854.jpg,DA417NH
FIAT,Scudo,14562777.jpg,773RBT75
Renault,Twingo,14562720.jpg,6176YG62
Citroёn,Xsara,14562703.jpg,118AWP59
Citroёn,Xsara,14562697.jpg,118AWP59
Renault,Kangoo,14562693.jpg,4585XB80
Citroёn,Xsara,14562676.jpg,195AZL59
Citroёn,Xsara,14562673.jpg,195AZL59
Mercedes-Benz,C-Klasse,14562671.jpg,7054WG62
Renault,Trafic,14562669.jpg,431CRJ59
Citroёn,Xsara,14562663.jpg,134BHW57
Citroёn,Grand,14562625.jpg,935AGY76
Citroёn,Grand,14562620.jpg,935AGY76
Citroёn,C4,14562585.jpg,7273XM80
Citroёn,Xsara,14562583.jpg,8330VA62
Volkswagen,Passat,14562580.jpg,2822ZM35
Peugeot,206,14562576.jpg,8131YF62
Volkswagen,Golf,14562572.jpg,1280XZ62
Peugeot,206,14562568.jpg,7104XG62
Volkswagen,Golf,14562564.jpg,4838QM62
Volkswagen,Golf,14562561.jpg,4838QM62
Peugeot,307,14562552.jpg,8566YL62
Citroёn,C4,14562546.jpg,897XG62
Renault,Master,14562543.jpg,FD924GD
Citroёn,ZX,14562530.jpg,AG236NL
Citroёn,C3,14562514.jpg,625XT62
Citroёn,C3,14562510.jpg,625XT62
Volkswagen,Polo,14562505.jpg,6626YQ62
Citroёn,C3,14562501.jpg,4796WX62
Mazda,5,14562499.jpg,331RP40
Mazda,5,14562490.jpg,331RP40
Dacia,Duster,14561479.jpg,FH470XF
Bugatti,Type,14561182.jpg,416EB67
,,14561118.jpg,AN278HW
License,plate,14561005.jpg,145YC63
Volkswagen,Golf,14560879.jpg,598AAH67
Citroёn,C25,14560812.jpg,CZ752MG
Peugeot,3008,14560808.jpg,BN445YT
Renault,Twingo,14560792.jpg,CT705ZD
Dacia,Duster,14560777.jpg,DM036FN
Peugeot,206+,14560768.jpg,AE953WC
Peugeot,206,14560757.jpg,FM993AQ
Peugeot,208,14560750.jpg,FM678HF
Audi,A3,14560733.jpg,EQ406PF
Audi,A4,14560720.jpg,AT742BP
SEAT,Leon,14560710.jpg,CX548GF
SEAT,Ibiza,14560699.jpg,FC794WP
Ferrari,F430,14560620.jpg,BT062YX
Ferrari,458,14560601.jpg,CV236RT
Ferrari,F430,14560580.jpg,CE588HL
Renault,Trafic,14560559.jpg,BG859FT
Ferrari,Superamerica,14560556.jpg,899AMY13
Ferrari,360,14560528.jpg,BQ563HM
Mega,Track,14560474.jpg,2665W73
Mega,Track,14560472.jpg,2665W73
Renault,Twingo,14560462.jpg,9184YA62
Opel,Astra,14560451.jpg,3989SX62
Peugeot,307,14560444.jpg,9870XP62
Citroёn,C3,14560435.jpg,1456VS62
Peugeot,307,14560433.jpg,4306XF62
Renault,Kangoo,14560430.jpg,5834WS80
Renault,Megane,14560410.jpg,893EVW78
Renault,Megane,14560403.jpg,893EVW78
Peugeot,407,14560396.jpg,260DKQ59
Peugeot,407,14560393.jpg,260DKQ59
Citroёn,C4,14560379.jpg,690DYQ95
Ford,Mondeo,14560356.jpg,1955WA62
Citroёn,C4,14560352.jpg,690DYQ95
Renault,Megane,14560347.jpg,5120XG25
Renault,Kangoo,14560344.jpg,6562WP62
Caravans,International,14560342.jpg,1027XZ02
Citroёn,C3,14560332.jpg,9438YA62
Peugeot,106,14560329.jpg,6358SZ62
Citroёn,C5,14560326.jpg,752YQ76
Mercedes-Benz,E-Klasse,14560319.jpg,804CRE59
Roller,Team,14560277.jpg,62AQA44
Renault,Megane,14560272.jpg,4134TP62
Volvo,XC60,14560258.jpg,AB312YX
Volkswagen,Golf,14560246.jpg,9148WE62
Citroёn,Berlingo,14560235.jpg,8466YF62
Suzuki,Alto,14560224.jpg,5079VS62
Ford,Fusion,14560217.jpg,6038XJ62
Ford,Fusion,14560211.jpg,6038XJ62
Audi,A1,14560147.jpg,BE196HZ
MINI,Classic,14560143.jpg,391FVC92
Volvo,P1800,14560141.jpg,BN986YZ
Porsche,Panamera,14560138.jpg,DH296BG
Porsche,Panamera,14560132.jpg,DH296BG
Renault,Scenic,14560131.jpg,4566SZ62
Audi,SQ5,14560123.jpg,DX246PS
Renault,Twingo,14560113.jpg,7021QR62
Lancia,Thema,14560110.jpg,BX898AL
Lancia,Thema,14560107.jpg,BX898AL
BMW,X6M,14560105.jpg,DH032HR
BMW,X6M,14560103.jpg,DH032HR
Audi,SQ5,14560101.jpg,DR940DX
Renault,Twingo,14560097.jpg,7021QR62
Audi,SQ5,14560095.jpg,DR940DX
Mercedes-Benz,SL-Klasse,14560088.jpg,CZ172EL
Jaguar,Mark-series,14560084.jpg,CJ443AZ
Peugeot,RCZ,14560079.jpg,DS998PN
Bentley,Continental,14560076.jpg,DL776NC
Citroёn,SM,14560069.jpg,DS471KZ
Skoda,Fabia,14560068.jpg,7360WK62
Citroёn,SM,14560053.jpg,DS471KZ
Chatenet,CH26,14560046.jpg,DB028DD
Renault,Clio,14560042.jpg,9728WN62
Renault,Clio,14560039.jpg,9728WN62
Abarth,Grande,14560033.jpg,CK172GP
Volkswagen,Golf,14560020.jpg,DF147CK
Volkswagen,Golf,14560014.jpg,DF147CK
MINI,Classic,14560003.jpg,856NCP75
Mercedes-Benz,CLA-Klasse,14559992.jpg,DT631SY
Smart,ForTwo,14559988.jpg,AV472VK
Renault,Wind,14559982.jpg,BJ598JL
Smart,ForTwo,14559971.jpg,AV472VK
Abarth,500/595/695,14559961.jpg,CZ333XL
Citroёn,2CV,14559957.jpg,CY287BB
Land,Rover,14559944.jpg,CW590KA
Citroёn,2CV,14559938.jpg,CY287BB
FIAT,500,14559932.jpg,BP886HJ
Ford,Mustang,14559928.jpg,AL469QH
Lexus,IS,14559923.jpg,DR673TK
Mercedes-Benz,A-Klasse,14559920.jpg,CW989WP
MINI,Classic,14559918.jpg,626CNJ92
Ford,Mustang,14559911.jpg,AL469QH
Lexus,IS,14559903.jpg,DR673TK
MINI,Clubman,14559893.jpg,DW956SP
Mercedes-Benz,C-Klasse,14559883.jpg,BL842KW
Audi,S3,14559869.jpg,CZ869FJ
Chevrolet,Corvette,14559866.jpg,BF555AS
Renault,Scenic,14559863.jpg,AW458ZS
Ford,Torino,14559843.jpg,5919PK92
Chevrolet,Corvette,14559819.jpg,BF555AS
Tesla,Model,14559812.jpg,DV748AZ
FIAT,500,14559602.jpg,EP616PY
Itineo,Gamme,14559195.jpg,CR607GR
Itineo,Gamme,14559023.jpg,CR607GR
Suzuki,Vitara,14558598.jpg,DZ943JR
Rover,75,14558532.jpg,EV056XR
Ford,Focus,14558494.jpg,EX130EG
Ford,Focus,14558475.jpg,EX130EG
Peugeot,205,14558422.jpg,6785VH25
Peugeot,205,14558409.jpg,5182VS25
Citroёn,Saxo,14558395.jpg,DC590ZY
Ferrari,California,14558378.jpg,DR341JT
Peugeot,106,14558361.jpg,CE836YA
Peugeot,807,14558270.jpg,BM980SK
Peugeot,3008,14558201.jpg,EM356DA
BMW,5,14558103.jpg,BG266XM
Renault,Clio,14558053.jpg,2861VC88
Renault,20,14557619.jpg,187QTS75
Ferrari,360,14557563.jpg,DX338LA
Ferrari,F40,14556710.jpg,EG565WW
Ferrari,488,14556695.jpg,EP813CW
Ferrari,GTC4,14556557.jpg,EP558VT
Smart,Roadster,14556450.jpg,BR062JT
BMW,3,14556263.jpg,BK162WX
Peugeot,106,14556256.jpg,AR448VE
Peugeot,3008,14556251.jpg,CE153ND
Ford,Mustang,14555993.jpg,AF123FD
Ford,Mustang,14555992.jpg,AF123FD
Ford,Mustang,14555987.jpg,76BJP59
Ford,Mustang,14555982.jpg,76BJP59
Ford,Mustang,14555977.jpg,734CAL59
Santana,PS10,14555737.jpg,BD538RP
Mercedes-Benz,S-Klasse,14555618.jpg,EQ958SJ
Bentley,Continental,14555608.jpg,FJ429AZ
Rolls-Royce,Phantom,14555605.jpg,EY447JG
Bentley,Mulsanne,14555598.jpg,FA020WZ
Bentley,Bentayga,14555592.jpg,EV488FQ
Daimler,Sovereign,14555586.jpg,2879KH46
Rolls-Royce,Phantom,14555579.jpg,WW016DA
Rolls-Royce,Phantom,14555575.jpg,WW016DA
Bentley,Continental,14555570.jpg,DN605QQ
Audi,R8,14555567.jpg,DW418TH
Audi,R8,14555564.jpg,DW418TH
Ferrari,F430,14555557.jpg,BW850YX
Triumph,Spitfire,14555554.jpg,BC433YM
Maserati,GranTurismo,14555549.jpg,DH641VK
Porsche,911,14555547.jpg,EY896KS
Aston,Martin,14555544.jpg,W997HV
Rolls-Royce,Corniche,14555533.jpg,760HZN75
Rolls-Royce,Corniche,14555530.jpg,760HZN75
Peugeot,504,14555527.jpg,833QED75
Peugeot,504,14555525.jpg,833QED75
MG,B,14555509.jpg,CF267LV
Ferrari,California,14555502.jpg,AE756GW
Simca,,14555493.jpg,534ADP91
Lamborghini,Gallardo,14555485.jpg,AS704ME
Ferrari,612,14555483.jpg,WW880RZ
Toyota,Prius,14555482.jpg,DZ357FK
Porsche,911,14555476.jpg,BM375NR
Porsche,911,14555470.jpg,CH065ZE
Mercedes-Benz,SL-Klasse,14555463.jpg,ER469NM
Ferrari,F355,14555457.jpg,AD695NF
Ferrari,F355,14555453.jpg,AD695NF
Citroёn,350-850,14555312.jpg,BV985VW
Renault,Megane,14555272.jpg,ES187TR
Ferrari,458,14555237.jpg,DG428BC
Audi,A1,14555115.jpg,EE966MK
Santana,PS10,14554728.jpg,BD538RP
Peugeot,307,14554574.jpg,DR498WT
Peugeot,306,14554530.jpg,EF895CH
Renault,Wind,14554434.jpg,BQ065QB
Audi,SQ5,14554423.jpg,WW016JC
,,14554381.jpg,CX643PC
Peugeot,206,14554327.jpg,9261XX62
Peugeot,206,14554267.jpg,9261XX62
Citroёn,C3,14554258.jpg,6768VM62
Citroёn,C3,14554254.jpg,6768VM62
Peugeot,206,14554239.jpg,4865VP62
Peugeot,206,14554224.jpg,4865VP62
Renault,Laguna,14554216.jpg,3171TB62
Renault,Laguna,14554202.jpg,3171TB62
Renault,Master,14554030.jpg,EN400AX
Peugeot,2008,14554005.jpg,EG434KX
Peugeot,2008,14553926.jpg,DJ505YR
Peugeot,208,14553843.jpg,FN128JA
Dacia,Sandero,14553778.jpg,EL081CJ
Dacia,Duster,14553725.jpg,FB023MB
Peugeot,508,14553706.jpg,CX643PC
BMW,5,14553685.jpg,ES287MF
Dacia,Duster,14553599.jpg,FK907BL
Dacia,Duster,14553538.jpg,FK703EZ
Mercedes-Benz,S-Klasse,14552814.jpg,676AFJ60
Citroёn,5CV,14552787.jpg,984NR80
Peugeot,205,14552777.jpg,AF276GF
Renault,14,14552761.jpg,332YN62
Peugeot,201,14552749.jpg,3471VN80
Renault,4CV,14552735.jpg,9959WM80
DS,3,14552672.jpg,EQ011TK
Peugeot,508,14552665.jpg,FM480YX
Peugeot,2008,14552646.jpg,DM656AH
Audi,A6,14552240.jpg,FB011GC
Volkswagen,Passat,14552065.jpg,7293XQ30
Renault,Captur,14551935.jpg,CX015GJ
Renault,Twingo,14551516.jpg,BR692VG
Jeep,Renegade,14551510.jpg,DQ382HL
Dacia,Duster,14551508.jpg,BE492PN
Dacia,Logan,14551500.jpg,AT860BA
Ferrari,Dino,14551015.jpg,EA419FE
Mercedes-Benz,CLK-Klasse,14550884.jpg,BQ006ZM
Renault,5,14550808.jpg,7271ND62
Opel,Meriva,14550796.jpg,345CQF59
Peugeot,404,14550789.jpg,4692LT10
Peugeot,404,14550775.jpg,4692LT10
Dacia,Sandero,14550621.jpg,AK905XP
Renault,Vel,14550619.jpg,3125ST41
Goupil,G4,14550453.jpg,EV967EG
FIAT,Panda,14550418.jpg,EC389WS
Renault,Twingo,14550300.jpg,FN245LF
Ferrari,360,14550253.jpg,AX486EB
Audi,A6,14550178.jpg,FB011GC
Peugeot,2008,14549893.jpg,FG144VL(12/19)
Renault,Espace,14549408.jpg,BD880MP
Ferrari,360,14549381.jpg,BC851QY
Renault,Megane,14549259.jpg,EB955JV
Scania,S-series,14549130.jpg,FJ591CL
Jeep,Renegade,14548947.jpg,EW474VS
Peugeot,106,14548722.jpg,AE129WR
Ferrari,599,14548711.jpg,DP569NX
Ferrari,599,14548695.jpg,BS453FL
Peugeot,106,14548628.jpg,EP467KD
Peugeot,406,14548484.jpg,FK308YT
Peugeot,305,14548466.jpg,7317TA25
Renault,Espace,14548363.jpg,CP015PK
Ferrari,California,14548192.jpg,DN487AG
Lotus,Exige,14548126.jpg,ES690CT
Audi,Q7,14548087.jpg,AN244ED
Volkswagen,Golf,14547631.jpg,BJ721WY
Ferrari,F12,14547619.jpg,DZ054JY
Ford,Mondeo,14547605.jpg,6612PE33
Ferrari,F12,14547558.jpg,DF566JA
Mercedes-Benz,SL-Klasse,14547309.jpg,CS349DS
Mercedes-Benz,SL-Klasse,14547227.jpg,CS349DS
Mercedes-Benz,M-Klasse,14547181.jpg,547DVK92
Peugeot,207,14546359.jpg,DS400CT
Peugeot,308,14546355.jpg,ET177YW
Delahaye,,14546176.jpg,281L95
Honda,Gold,14545879.jpg,BK864AB
Bova,Magiq,14545865.jpg,BA620CR
Renault,Twingo,14545695.jpg,290DVP78
Renault,Twingo,14545688.jpg,290DVP78
Triumph,,14545683.jpg,74RF62
Citroёn,C4,14545673.jpg,713BYR57
Dacia,Logan,14545665.jpg,687BCM69
Dacia,Logan,14545661.jpg,687BCM69
Peugeot,307,14545654.jpg,129APA59
Peugeot,307,14545651.jpg,129APA59
BMW,R,14545645.jpg,9190SM62
Opel,Corsa,14545637.jpg,8097TY62
Mazda,6,14545632.jpg,615DGY59
Mazda,6,14545623.jpg,615DGY59
Peugeot,407,14545617.jpg,8981YQ62
Peugeot,407,14545610.jpg,8981YQ62
Volkswagen,Golf,14545605.jpg,854XA62
Triumph,,14545596.jpg,8844XR62
Peugeot,206,14545591.jpg,4679ZM14
Renault,Laguna,14545587.jpg,5922VY02
Ferrari,458,14545584.jpg,CC825DF
Renault,Laguna,14545511.jpg,5922VY02
Toyota,Yaris,14545501.jpg,5908XQ62
Opel,Meriva,14545498.jpg,3260XW62
Opel,Meriva,14545495.jpg,3260XW62
Citroёn,C3,14545482.jpg,3731XV62
Volkswagen,Golf,14545476.jpg,5136RV59
Volkswagen,Golf,14545473.jpg,5136RV59
Renault,Master,14545463.jpg,2413YJ62
Citroёn,Jumper,14545460.jpg,6848TS62
Renault,Scenic,14545448.jpg,8760WX62
Opel,Astra,14545437.jpg,6937SE62
Opel,Astra,14545428.jpg,6937SE62
Opel,Corsa,14545410.jpg,3108XD62
Volkswagen,Golf,14545404.jpg,270YD62
Citroёn,C2,14545392.jpg,4594WY62
SEAT,Ibiza,14545382.jpg,7066XB62
Citroёn,Xantia,14545381.jpg,2175RY62
Peugeot,206,14545375.jpg,1037WC62
Dacia,Logan,14545373.jpg,8535YF62
Renault,5,14545370.jpg,AR125VY
Renault,Scenic,14545360.jpg,3523XW62
Citroёn,Saxo,14545345.jpg,5105VK62
Renault,Espace,14545333.jpg,4864RY39
Renault,Clio,14545326.jpg,2699TJ62
Peugeot,308,14545322.jpg,4399XT62
Renault,Kangoo,14545312.jpg,533ALZ59
Citroёn,Saxo,14545299.jpg,7012VM62
Peugeot,207,14545291.jpg,1913YQ62
Dacia,Logan,14545283.jpg,2787XD62
Peugeot,206,14545280.jpg,796XD62
KTM,,14545242.jpg,EZ553MM
MINI,Hatch,14544878.jpg,BX177WQ
BMW,3,14544613.jpg,BZ944EE
Peugeot,3008,14544573.jpg,CC766AV
Alfa,Romeo,14544385.jpg,DS545QY
Jeep,Renegade,14544334.jpg,FJ398VQ
Renault,Scenic,14544320.jpg,EH300GP
Mazda,323,14544315.jpg,FG072KB
Mercedes-Benz,B-Klasse,14544293.jpg,WW129BP
BMW,3,14544282.jpg,BZ876SA
Peugeot,406,14544269.jpg,DP962PA
Land,Rover,14544212.jpg,FL954RX
Dacia,Logan,14544183.jpg,BO724PV
Mercedes-Benz,M-Klasse,14544172.jpg,6257WY62
Citroёn,C4,14544160.jpg,399BYP59
FIAT,500,14544151.jpg,6619YF62
Toyota,Yaris,14544036.jpg,3925WM62
Toyota,Corolla,14544026.jpg,3233WG62
Audi,A4,14544018.jpg,1101TY62
Audi,A4,14544015.jpg,1101TY62
Nissan,Qashqai,14544008.jpg,3164YB62
Renault,Clio,14544005.jpg,8090WK62
Citroёn,Xsara,14543993.jpg,7887YK62
Volkswagen,Golf,14543982.jpg,2526NW62
FIAT,500,14543975.jpg,974DKW59
FIAT,500,14543943.jpg,974DKW59
Peugeot,107,14543909.jpg,935YL62
Peugeot,206,14543902.jpg,6600TE62
Peugeot,107,14543897.jpg,3163WY62
Peugeot,307,14543892.jpg,83BBY59
Renault,Laguna,14543883.jpg,861ASY59
Renault,Scenic,14543877.jpg,646BTL59
Peugeot,206,14543866.jpg,8365WL62
FIAT,Stilo,14543863.jpg,5314VR62
FIAT,Stilo,14543857.jpg,5314VR62
Renault,Clio,14543849.jpg,372DFN59
Citroёn,C1,14543838.jpg,7933WZ62
Volkswagen,Golf,14543832.jpg,3353XM62
Renault,Laguna,14543807.jpg,8487VP62
Skoda,Fabia,14543805.jpg,7114TQ62
Rapido,Serie,14543795.jpg,501DCC59
Renault,Kangoo,14543773.jpg,9854WQ62
Peugeot,308,14543764.jpg,BW198ST
Toyota,RAV4,14543762.jpg,5304WR62
Peugeot,106,14543757.jpg,7629VL62
Citroёn,Berlingo,14543754.jpg,9157XQ62
Renault,Laguna,14543742.jpg,5243QZ62
Citroёn,C2,14543728.jpg,CZ117NC
FIAT,Ducato,14543725.jpg,542BLD59
Opel,Corsa,14543711.jpg,8853TY62
Suzuki,Alto,14543703.jpg,5079VS62
Mercedes-Benz,B-Klasse,14543693.jpg,2705XV02
Peugeot,Boxer,14543684.jpg,5383XK62
Ford,Fiesta,14543677.jpg,852DRL95
Citroёn,C3,14543672.jpg,3436XS62
Renault,Megane,14543664.jpg,7410YE62
Volkswagen,Polo,14543651.jpg,5097YH62
Citroёn,Xsara,14543647.jpg,9150VL62
Volkswagen,Polo,14543585.jpg,5203YH62
Volkswagen,Tiguan,14543575.jpg,AD941JY
Dacia,Logan,14543573.jpg,2787XD62
Dodge,Caliber,14543565.jpg,EB337AK
Citroёn,C3,14543560.jpg,258XR62
Audi,A4,14543530.jpg,AB997EQ
DS,4,14543502.jpg,FD860LG
Citroёn,C3,14543403.jpg,FG515ZC
Ford,Mondeo,14543396.jpg,CN073DC
Peugeot,806,14543393.jpg,FK788ND
MINI,Classic,14543389.jpg,AZ820RM
Peugeot,206+,14543387.jpg,BK056CK
Citroёn,C2,14543383.jpg,ER665DJ
Peugeot,206,14543378.jpg,4121YC62
KIA,Sorento,14543375.jpg,6182XB62
Citroёn,Berlingo,14543373.jpg,9623YJ25
Toyota,Avensis,14543368.jpg,5136YP62
Peugeot,205,14543362.jpg,3628RM59
Peugeot,308,14543358.jpg,4480YD62
Dodge,Caliber,14543346.jpg,AL240RS
Volkswagen,Golf,14543337.jpg,979DFN59
Peugeot,306,14543328.jpg,AE470AX
Ford,Focus,14543327.jpg,960CQZ59
Toyota,Yaris,14543319.jpg,4085XP62
MINI,Classic,14543317.jpg,AZ820RM
Renault,Scenic,14543316.jpg,224CDF60
Renault,Scenic,14543312.jpg,224CDF60
Peugeot,1007,14543310.jpg,AE279VE
Citroёn,DS3,14543306.jpg,DX368WT
Audi,A4,14543295.jpg,DN554EM
Piaggio,Porter,14543289.jpg,CZ749SH
Volkswagen,Passat,14543288.jpg,DR091HY
Citroёn,C2,14543275.jpg,1812ZT25
Peugeot,206+,14543258.jpg,BB789RZ
Citroёn,C8,14543128.jpg,BZ221PZ
Volkswagen,Touran,14543112.jpg,EV939NT
Nissan,Juke,14542296.jpg,BS200BL
BMW,6,14541843.jpg,CC931JG
License,plate,14541815.jpg,3003YC72
Citroёn,DS3,14541452.jpg,DS719TR
Citroёn,C2,14541445.jpg,CZ508YR
Peugeot,207,14541436.jpg,BT523BJ
Peugeot,308,14541430.jpg,CG466XS
Peugeot,208,14541424.jpg,EB765XZ
Alfa,Romeo,14541418.jpg,DS545QY
Citroёn,DS3,14541409.jpg,DQ378HP
Citroёn,C2,14541401.jpg,6040ZP25
Peugeot,406,14541398.jpg,BV186KY
Renault,Koleos,14541377.jpg,EZ521XD
Renault,Scenic,14540533.jpg,DE413NF
Renault,Twingo,14540518.jpg,CS124CD
Citroёn,BX,14539962.jpg,AZ460EC
Citroёn,BX,14539948.jpg,AX957SX
Peugeot,405,14539933.jpg,AV234JH
Peugeot,405,14539896.jpg,2371GA90
Citroёn,BX,14539884.jpg,CQ191AQ
Citroёn,BX,14539865.jpg,DY811TA
Citroёn,BX,14539839.jpg,AD872VL
Citroёn,BX,14539809.jpg,3857NA70
Citroёn,BX,14539798.jpg,3857NA70
Peugeot,405,14539785.jpg,AP675WE
Peugeot,405,14539762.jpg,AZ305EH
Citroёn,BX,14539749.jpg,BP446BA
Peugeot,405,14539728.jpg,9552MA52
Peugeot,405,14539718.jpg,9552MA52
Citroёn,BX,14539697.jpg,AS154QH
Citroёn,BX,14539682.jpg,AK089ML
Volkswagen,Touran,14539604.jpg,ET831GF
BMW,1,14538656.jpg,FM045LF
BMW,1,14538647.jpg,FM045LF
Peugeot,Boxer,14538333.jpg,AT032CV
Toyota,Yaris,14537484.jpg,72BQX59
Mercedes-Benz,C-Klasse,14537473.jpg,4166YL02
Subaru,Forester,14537466.jpg,9498XX02
Peugeot,406,14537458.jpg,5326YZ59
BMW,3,14537453.jpg,828QWB75
Audi,TT,14537446.jpg,CV001SY
Ford,Focus,14537441.jpg,617BQL59
Renault,Kangoo,14537433.jpg,FB258FP
SsangYong,Musso,14537430.jpg,AG319ZC
Iveco,Daily,14537423.jpg,167AHQ59
Iveco,Daily,14537418.jpg,167AHQ59
Volkswagen,Polo,14537410.jpg,315EPE95
Volkswagen,Polo,14537403.jpg,315EPE95
Peugeot,206,14537397.jpg,638ESY91
Peugeot,1007,14537385.jpg,530CNN59
Peugeot,1007,14537379.jpg,530CNN59
Peugeot,207,14537373.jpg,333DHK59
Renault,Twingo,14537367.jpg,295NJK75
Volkswagen,Golf,14537359.jpg,8966VJ62
Renault,Twingo,14537349.jpg,295NJK75
Nissan,Micra,14537344.jpg,2341WG62
Citroёn,2CV,14537340.jpg,30MT59
Citroёn,2CV,14537328.jpg,30MT59
Ford,Fiesta,14537313.jpg,6108WR62
Peugeot,406,14537308.jpg,332NZP75
Hyundai,Matrix,14537305.jpg,6945WV62
Peugeot,406,14537293.jpg,5894TF62
Peugeot,206,14537287.jpg,6888WQ62
Jaguar,X-Type,14537277.jpg,1920TW62
Peugeot,305,14537264.jpg,5766VB62
Peugeot,305,14537242.jpg,5766VB62
Renault,Megane,14537233.jpg,976BGF83
Renault,Megane,14537226.jpg,976BGF83
Audi,A2,14537219.jpg,1583WK80
Audi,A2,14537211.jpg,1583WK80
Citroёn,Berlingo,14537206.jpg,219WP62
Citroёn,Berlingo,14537201.jpg,219WP62
Peugeot,1007,14537196.jpg,9929WK62
Peugeot,1007,14537192.jpg,9929WK62
Peugeot,406,14537184.jpg,9382YG62
Ford,Fusion,14537175.jpg,6674XC62
Toyota,Land,14537167.jpg,3201XE62
Chrysler,PT,14537160.jpg,3536XX62
Chrysler,PT,14537155.jpg,3536XX62
BMW,3,14537149.jpg,3254SG62
Citroёn,XM,14537142.jpg,7930RZ62
Citroёn,C1,14537132.jpg,1449XJ62
Volkswagen,Golf,14537121.jpg,3294XJ62
BMW,3,14537118.jpg,214ACC59
Renault,Modus,14537107.jpg,FB636PE
MINI,Hatch,14537099.jpg,3701WN62
Mercedes-Benz,E-Klasse,14537093.jpg,2967XQ72
Mercedes-Benz,E-Klasse,14537088.jpg,2967XQ72
Citroёn,C3,14537081.jpg,1528WN62
Opel,Corsa,14537076.jpg,266CFC59
Opel,Corsa,14537073.jpg,266CFC59
Opel,Corsa,14537068.jpg,6954YG62
Peugeot,106,14537061.jpg,3666VJ62
Citroёn,C4,14537058.jpg,906CNJ59
Peugeot,106,14537053.jpg,3666VJ62
Citroёn,C4,14537048.jpg,906CNJ59
Volvo,S60,14537044.jpg,2702WJ62
Skoda,Octavia,14537041.jpg,6501XV62
Skoda,Octavia,14537014.jpg,6501XV62
Citroёn,AX,14537005.jpg,DS482AR
Renault,20,14536997.jpg,BY570SF
Renault,Twingo,14536984.jpg,571BVC59
Renault,Twingo,14536968.jpg,571BVC59
Hyundai,Getz,14536959.jpg,1809YD62
Hyundai,Getz,14536953.jpg,1809YD62
Yamaha,XV,14536946.jpg,2300XN62
Volkswagen,Golf,14536941.jpg,324CCD59
Ford,Fiesta,14536936.jpg,AA906AA
Ford,Fiesta,14536933.jpg,AA906AA
Peugeot,607,14536925.jpg,8659WP80
Audi,TT,14536920.jpg,4292VX80
Renault,Clio,14536914.jpg,260AZV59
Peugeot,607,14536912.jpg,8659WP80
Peugeot,207,14536909.jpg,BN329XA
Audi,TT,14536905.jpg,4292VX80
Peugeot,207,14536901.jpg,7804YQ62
Volkswagen,Eos,14536898.jpg,470DKR59
Mercedes-Benz,A-Klasse,14536895.jpg,9106XN62
Opel,Corsa,14536888.jpg,657CZL59
Renault,Clio,14536881.jpg,AA317RG
Renault,Grand,14536676.jpg,584BGN06
Audi,A6,14536388.jpg,ET622VH
Chevrolet,Suburban,14536200.jpg,AK064YS
Renault,Laguna,14536103.jpg,147DAA59
Citroёn,BX,14535985.jpg,AY238JZ
Citroёn,BX,14535983.jpg,AY238JZ
Citroёn,BX,14535970.jpg,AP440GW
Citroёn,BX,14535957.jpg,AQ392YG
Peugeot,405,14535945.jpg,CA358WM
Peugeot,405,14535936.jpg,CA358WM
FIAT,Idea,14535903.jpg,9114WA62
SAAB,9-3,14535857.jpg,BC159FJ
SsangYong,Rodius,14535788.jpg,AA820RZ
Ford,Galaxy,14535747.jpg,AQ285QD
Ford,F-150,14535672.jpg,WW624ZJ
Peugeot,104,14535601.jpg,DA995YQ
Ford,Escort,14535584.jpg,1021SW33
Renault,Clio,14535566.jpg,AK101KK
Peugeot,5008,14535446.jpg,DH029CP
Ford,Mustang,14535361.jpg,DT520HP
Citroёn,DS3,14535356.jpg,AQ978MA
Nissan,NT300/400,14535325.jpg,EH288KK
Ford,Escort,14535324.jpg,1021SW33
Ford,Focus,14535229.jpg,AA178WE
Citroёn,C1,14535098.jpg,FK118GA
Alfa,Romeo,14534981.jpg,AH135GZ
Citroёn,Xsara,14534944.jpg,AS224QG
Citroёn,DS3,14534895.jpg,AY962KQ
MINI,Hatch,14534826.jpg,CY299AD
Peugeot,Boxer,14534328.jpg,348AHB57
Bentley,Continental,14534092.jpg,FJ429AZ
Bentley,Continental,14533911.jpg,AD799VT
Renault,Scenic,14533794.jpg,AQ162WD
Volkswagen,Arteon,14533701.jpg,ES525AC
Citroёn,C3,14533695.jpg,8633WN62
Opel,Corsa,14533688.jpg,657CZL59
Peugeot,406,14533679.jpg,1064WP85
Maserati,Ghibli,14533574.jpg,EM825ZT
Opel,Corsa,14533550.jpg,FL123HK
Land,Rover,14533540.jpg,FB416QV
Volkswagen,Golf,14533488.jpg,WW597SD
Renault,Kangoo,14533444.jpg,DP477XV
Peugeot,407,14533245.jpg,88DHG59
FIAT,Stilo,14533226.jpg,221CWQ59
Volkswagen,Crafter,14533128.jpg,EA926PM
Renault,Clio,14533109.jpg,EJ100RG
FIAT,Cinquecento,14532272.jpg,DS172VS
FIAT,Cinquecento,14532263.jpg,AY156NV
FIAT,Cinquecento,14532250.jpg,601BEH60
Aixam,Coupé,14532074.jpg,FB767CE
Peugeot,107,14531836.jpg,CT107JY
,,14531799.jpg,2467DU69
Volkswagen,Lupo,14531585.jpg,9852YA25
Volkswagen,Lupo,14531573.jpg,7973SY39
Citroёn,C1,14531560.jpg,AA447CC
Peugeot,207,14531427.jpg,CD481SD
Renault,Trafic,14531422.jpg,EE806TH
Renault,Trafic,14531417.jpg,EE806TH
MINI,Classic,14531415.jpg,ED982EL
MINI,Classic,14531387.jpg,AZ873BB
MINI,Classic,14531367.jpg,2475HD90
MINI,Classic,14531343.jpg,DH278RN
KIA,Picanto,14531255.jpg,BX719DM
Austin,Mini,14531240.jpg,6317SN89
Lancia,Y10,14531223.jpg,822YM45
Lancia,Y10,14531209.jpg,9333SH89
FIAT,Cinquecento,14531188.jpg,6993RW94
FIAT,500,14531177.jpg,16MV63
Suzuki,Wagon,14531163.jpg,847EPX91
Lancia,Y10,14531132.jpg,646GF90
Bolloré,Bluesummer,14530996.jpg,DQ692XS
Aixam,A550,14530982.jpg,7179KC05
Ligier,JS,14530972.jpg,FG807YA
Ligier,JS,14530958.jpg,FG807YA
Peugeot,607,14530512.jpg,723BVE59
FIAT,500,14530382.jpg,EM493JK
Mercedes-Benz,SL-Klasse,14530362.jpg,EV840PL
Autobianchi,A112,14530316.jpg,BC269AH
Rover,Mini,14530265.jpg,288BHB38
Rover,Mini,14530262.jpg,378BCJ38
Peugeot,308,14530200.jpg,WW327HH
Volkswagen,Touran,14530195.jpg,WW614WL
Renault,Master,14530186.jpg,WW891HM
Hyundai,Atos,14530177.jpg,EQ553CG
Citroёn,Grand,14530172.jpg,EL191YJ
Land,Rover,14530147.jpg,EM006BL
Smart,ForTwo,14530092.jpg,940NRQ75
Renault,8,14530034.jpg,2539CX33
Citroёn,Grand,14529871.jpg,DY700QH
Chevrolet,Matiz,14529856.jpg,341DHL59
Aixam,Scouty,14529847.jpg,AZ991WQ
FIAT,Seicento,14529805.jpg,4737VF62
Citroёn,C1,14528987.jpg,AW155JA
Smart,ForTwo,14528929.jpg,CZ876EC
Goupil,G3,14528838.jpg,DG257DX
Aston,Martin,14528694.jpg,BR878GL
Smart,ForFour,14528598.jpg,EA606XS
Ford,Kuga,14528085.jpg,EJ215SC
Land,Rover,14528066.jpg,CP259WG
Isuzu,D-Max,14528056.jpg,BR867KN
Renault,Fluence,14527976.jpg,AQ697RW
Citroёn,C3,14527910.jpg,CG547ZH
FIAT,Uno,14527883.jpg,995GHS75
Nissan,Navara,14527620.jpg,BV845LF
License,plate,14527495.jpg,EW398TL
,,14527337.jpg,139CFH60
FIAT,500X,14527200.jpg,ER307XE
Peugeot,208,14527131.jpg,FP991FD
Peugeot,1007,14527068.jpg,FB143BJ
Citroёn,DS3,14527034.jpg,CW912CK
Ford,Tourneo,14527000.jpg,DQ624KK
Renault,Espace,14526495.jpg,CF003TT
Lancia,Flaminia,14526358.jpg,1301RN06
FIAT,Tipo,14526291.jpg,8081YN38
Adria,Matrix,14526165.jpg,DE009ZB
Volkswagen,Transporter,14525608.jpg,CV274NS
Renault,Megane,14525463.jpg,404AVP59
Audi,80,14525437.jpg,FL062MG
BMW,5,14525400.jpg,6156NB33
License,plate,14524906.jpg,9320YK56
License,plate,14524903.jpg,9320YK56
Talbot,,14524558.jpg,8133AS13
Renault,Clio,14524287.jpg,1348XZ76
License,plate,14524242.jpg,1177WK94
Renault,Clio,14524240.jpg,1348XZ76
Peugeot,Partner,14524238.jpg,3406XE62
Renault,Kangoo,14524235.jpg,8206XR76
Renault,Twingo,14524232.jpg,782MSL75
Renault,Twingo,14524231.jpg,782MSL75
Peugeot,207,14524228.jpg,5750YC62
Peugeot,207,14524222.jpg,5750YC62
,,14588223.jpg,746BA50
,,14584950.jpg,600RKM75
